DateTime,Open,High,Low,Close,Volume
2025-01-06 09:15:00+05:30,158.5,159.8,155.59,156.35,3928914
2025-01-06 10:15:00+05:30,156.37,156.59,153.87,154.0,2125966
2025-01-06 11:15:00+05:30,154.0,154.72,153.15,153.89,1387170
2025-01-06 12:15:00+05:30,153.89,154.3,153.06,153.56,907451
2025-01-06 13:15:00+05:30,153.62,153.62,152.35,152.45,1087711
2025-01-06 14:15:00+05:30,152.42,153.1,151.16,151.4,2089099
2025-01-06 15:15:00+05:30,151.43,152.0,151.16,151.96,1062743
2025-01-07 09:15:00+05:30,152.25,154.5,152.02,153.64,2844410
2025-01-07 10:15:00+05:30,153.65,154.4,153.05,154.01,774119
2025-01-07 11:15:00+05:30,154.01,154.69,153.9,154.31,778881
2025-01-07 12:15:00+05:30,154.3,154.62,153.85,154.01,786400
2025-01-07 13:15:00+05:30,154.01,154.59,153.33,154.46,907096
2025-01-07 14:15:00+05:30,154.46,155.36,154.26,154.87,1374165
2025-01-07 15:15:00+05:30,154.87,155.17,154.75,154.81,874058
2025-01-08 09:15:00+05:30,154.47,154.56,153.19,154.1,1250827
2025-01-08 10:15:00+05:30,154.1,154.25,152.3,152.6,1127988
2025-01-08 11:15:00+05:30,152.61,152.86,150.84,151.34,1918707
2025-01-08 12:15:00+05:30,151.34,151.38,150.91,151.01,923054
2025-01-08 13:15:00+05:30,151.07,151.59,150.65,151.16,1299023
2025-01-08 14:15:00+05:30,151.17,151.99,151.11,151.76,2204589
2025-01-08 15:15:00+05:30,151.75,151.87,151.5,151.8,635799
2025-01-09 09:15:00+05:30,151.72,152.9,151.35,152.59,2049467
2025-01-09 10:15:00+05:30,152.6,152.61,150.51,150.68,753623
2025-01-09 11:15:00+05:30,150.7,152.6,150.34,150.96,2096598
2025-01-09 12:15:00+05:30,151.0,151.29,150.28,150.41,798841
2025-01-09 13:15:00+05:30,150.49,150.62,149.71,149.85,899702
2025-01-09 14:15:00+05:30,149.85,150.0,148.62,148.88,1372440
2025-01-09 15:15:00+05:30,148.88,149.06,148.5,148.8,897919
2025-01-10 09:15:00+05:30,149.94,150.0,144.1,145.78,4145134
2025-01-10 10:15:00+05:30,145.77,146.7,145.32,145.99,1978397
2025-01-10 11:15:00+05:30,145.98,146.35,144.48,144.96,1690583
2025-01-10 12:15:00+05:30,144.91,145.15,144.31,144.92,761570
2025-01-10 13:15:00+05:30,144.85,145.31,143.61,143.63,1901020
2025-01-10 14:15:00+05:30,143.63,144.44,143.25,143.92,1731138
2025-01-10 15:15:00+05:30,143.94,144.5,143.62,144.25,876459
2025-01-13 09:15:00+05:30,143.26,143.49,141.36,142.58,2289965
2025-01-13 10:15:00+05:30,142.59,143.4,141.91,142.31,1067995
2025-01-13 11:15:00+05:30,142.24,142.54,140.84,141.06,946683
2025-01-13 12:15:00+05:30,141.0,141.64,140.87,141.26,1016099
2025-01-13 13:15:00+05:30,141.26,141.3,138.56,138.8,1982965
2025-01-13 14:15:00+05:30,138.8,139.16,137.0,137.24,2759548
2025-01-13 15:15:00+05:30,137.25,138.56,137.08,137.99,778516
2025-01-14 09:15:00+05:30,138.6,143.59,138.41,143.16,3724821
2025-01-14 10:15:00+05:30,143.2,144.9,142.7,144.89,1600532
2025-01-14 11:15:00+05:30,144.89,145.58,144.59,144.83,1334324
2025-01-14 12:15:00+05:30,144.9,144.9,143.89,144.65,1058366
2025-01-14 13:15:00+05:30,144.65,145.89,144.25,145.78,979918
2025-01-14 14:15:00+05:30,145.74,147.9,145.25,147.77,2178583
2025-01-14 15:15:00+05:30,147.77,149.05,147.73,149.05,1709805
2025-01-15 09:15:00+05:30,148.05,149.49,147.31,148.84,2042459
2025-01-15 10:15:00+05:30,148.84,149.99,148.75,149.9,616667
2025-01-15 11:15:00+05:30,149.9,150.55,149.66,150.16,609768
2025-01-15 12:15:00+05:30,150.19,150.8,149.93,150.23,478456
2025-01-15 13:15:00+05:30,150.2,150.23,147.99,148.35,1346893
2025-01-15 14:15:00+05:30,148.38,148.5,147.4,148.31,840520
2025-01-15 15:15:00+05:30,148.34,148.82,148.05,148.24,331929
2025-01-16 09:15:00+05:30,150.69,151.37,150.13,151.0,1235922
2025-01-16 10:15:00+05:30,150.95,151.69,150.78,150.98,788259
2025-01-16 11:15:00+05:30,150.9,151.6,150.41,151.23,730687
2025-01-16 12:15:00+05:30,151.22,151.29,150.81,151.08,229505
2025-01-16 13:15:00+05:30,151.0,151.2,150.68,151.0,265459
2025-01-16 14:15:00+05:30,151.0,151.15,150.45,151.14,775299
2025-01-16 15:15:00+05:30,151.15,151.5,151.02,151.5,418988
2025-01-17 09:15:00+05:30,151.01,151.1,148.94,150.72,960480
2025-01-17 10:15:00+05:30,150.72,150.79,149.5,150.19,557476
2025-01-17 11:15:00+05:30,150.19,151.31,150.02,151.18,461320
2025-01-17 12:15:00+05:30,151.18,151.94,150.98,151.7,457290
2025-01-17 13:15:00+05:30,151.63,151.7,150.61,151.4,431028
2025-01-17 14:15:00+05:30,151.35,151.6,150.95,151.11,340143
2025-01-17 15:15:00+05:30,151.08,151.57,151.02,151.3,289923
2025-01-20 09:15:00+05:30,150.33,152.34,149.2,151.79,1231721
2025-01-20 10:15:00+05:30,151.79,152.26,151.51,151.7,302575
2025-01-20 11:15:00+05:30,151.7,152.7,151.65,152.4,549810
2025-01-20 12:15:00+05:30,152.46,152.85,152.3,152.69,370543
2025-01-20 13:15:00+05:30,152.75,152.9,152.51,152.55,300242
2025-01-20 14:15:00+05:30,152.59,152.75,152.3,152.47,356341
2025-01-20 15:15:00+05:30,152.47,152.6,152.16,152.21,378288
2025-01-21 09:15:00+05:30,152.45,153.51,151.71,152.18,1463014
2025-01-21 10:15:00+05:30,152.2,152.2,150.82,151.53,619664
2025-01-21 11:15:00+05:30,151.45,152.88,151.34,152.37,442536
2025-01-21 12:15:00+05:30,152.35,152.4,151.62,152.26,396660
2025-01-21 13:15:00+05:30,152.3,152.46,151.67,152.3,326650
2025-01-21 14:15:00+05:30,152.18,152.4,149.8,150.29,815486
2025-01-21 15:15:00+05:30,150.29,150.63,150.21,150.4,210573
2025-01-22 09:15:00+05:30,150.14,150.88,148.55,149.29,1208051
2025-01-22 10:15:00+05:30,149.29,151.5,149.05,150.2,1076229
2025-01-22 11:15:00+05:30,150.16,150.95,149.31,149.6,996000
2025-01-22 12:15:00+05:30,149.6,149.66,148.65,149.29,502120
2025-01-22 13:15:00+05:30,149.28,149.79,148.69,149.6,656315
2025-01-22 14:15:00+05:30,149.6,151.9,149.56,151.6,1040621
2025-01-22 15:15:00+05:30,151.56,151.6,151.02,151.02,332772
2025-01-23 09:15:00+05:30,150.7,151.65,150.37,151.45,709022
2025-01-23 10:15:00+05:30,151.5,152.19,151.11,151.41,441375
2025-01-23 11:15:00+05:30,151.41,151.47,150.75,151.05,294035
2025-01-23 12:15:00+05:30,150.94,151.4,150.9,151.22,236268
2025-01-23 13:15:00+05:30,151.22,151.86,151.22,151.8,374216
2025-01-23 14:15:00+05:30,151.8,151.9,151.07,151.24,582216
2025-01-23 15:15:00+05:30,151.22,151.3,150.65,150.8,423558
2025-01-24 09:15:00+05:30,150.75,151.69,149.55,149.71,707684
2025-01-24 10:15:00+05:30,149.75,150.1,149.01,149.75,383441
2025-01-24 11:15:00+05:30,149.72,150.15,149.61,149.8,168772
2025-01-24 12:15:00+05:30,149.8,149.9,149.1,149.7,286620
2025-01-24 13:15:00+05:30,149.7,150.0,149.25,149.34,297634
2025-01-24 14:15:00+05:30,149.34,149.75,148.33,148.98,591160
2025-01-24 15:15:00+05:30,149.0,149.34,148.47,148.85,319728
2025-01-27 09:15:00+05:30,147.5,148.14,146.06,147.44,1478442
2025-01-27 10:15:00+05:30,147.44,147.45,145.4,145.7,995673
2025-01-27 11:15:00+05:30,145.7,148.9,145.6,148.65,885408
2025-01-27 12:15:00+05:30,148.65,149.4,148.37,149.2,797940
2025-01-27 13:15:00+05:30,149.2,149.79,149.06,149.72,913233
2025-01-27 14:15:00+05:30,149.8,149.99,149.28,149.47,1115563
2025-01-27 15:15:00+05:30,149.45,149.78,148.6,149.69,580635
2025-01-28 09:15:00+05:30,151.8,152.8,147.03,148.1,4015236
2025-01-28 10:15:00+05:30,148.11,148.45,146.39,148.05,1233361
2025-01-28 11:15:00+05:30,148.0,149.8,146.16,149.45,1440387
2025-01-28 12:15:00+05:30,149.45,152.09,149.14,151.85,1714183
2025-01-28 13:15:00+05:30,151.9,152.6,151.6,152.27,1126191
2025-01-28 14:15:00+05:30,152.4,152.79,150.69,151.5,1353709
2025-01-28 15:15:00+05:30,151.5,151.68,150.81,151.03,590478
2025-01-29 09:15:00+05:30,150.2,154.45,150.0,152.8,2218427
2025-01-29 10:15:00+05:30,152.8,152.8,151.21,151.76,812344
2025-01-29 11:15:00+05:30,151.76,151.85,150.75,151.35,542938
2025-01-29 12:15:00+05:30,151.34,151.34,149.6,149.64,956904
2025-01-29 13:15:00+05:30,149.62,150.35,149.6,150.26,433485
2025-01-29 14:15:00+05:30,150.2,150.67,149.8,150.55,768487
2025-01-29 15:15:00+05:30,150.54,150.59,150.01,150.1,388988
2025-01-30 09:15:00+05:30,151.45,151.49,149.76,150.01,1124445
2025-01-30 10:15:00+05:30,150.1,150.83,149.7,150.55,684643
2025-01-30 11:15:00+05:30,150.55,150.8,150.11,150.49,361311
2025-01-30 12:15:00+05:30,150.41,150.7,150.15,150.31,285188
2025-01-30 13:15:00+05:30,150.26,150.3,148.41,148.65,930250
2025-01-30 14:15:00+05:30,148.65,148.87,148.05,148.36,1256177
2025-01-30 15:15:00+05:30,148.36,148.4,148.0,148.07,545605
2025-01-31 09:15:00+05:30,149.07,150.33,147.35,147.6,1692553
2025-01-31 10:15:00+05:30,147.61,151.75,147.6,150.7,1701001
2025-01-31 11:15:00+05:30,150.69,152.0,150.45,152.0,687903
2025-01-31 12:15:00+05:30,152.0,152.49,151.57,152.0,713762
2025-01-31 13:15:00+05:30,151.93,152.59,149.97,150.4,600038
2025-01-31 14:15:00+05:30,150.34,151.26,149.84,151.11,774004
2025-01-31 15:15:00+05:30,151.15,151.85,151.01,151.6,549248
2025-02-01 09:15:00+05:30,151.39,153.32,147.2,152.88,4793184
2025-02-01 10:15:00+05:30,152.91,153.99,152.21,152.59,1278690
2025-02-01 11:15:00+05:30,152.62,152.93,149.71,151.33,1433451
2025-02-01 12:15:00+05:30,151.33,152.79,150.7,151.2,1450917
2025-02-01 13:15:00+05:30,151.2,153.25,150.8,152.68,897726
2025-02-01 14:15:00+05:30,152.68,153.5,151.13,151.21,1001654
2025-02-01 15:15:00+05:30,151.2,151.5,150.71,151.15,606246
2025-02-03 09:15:00+05:30,148.0,148.84,144.8,147.11,3115878
2025-02-03 10:15:00+05:30,147.05,148.8,146.68,148.74,838298
2025-02-03 11:15:00+05:30,148.75,149.14,147.17,148.09,777373
2025-02-03 12:15:00+05:30,148.1,148.3,146.28,147.7,846827
2025-02-03 13:15:00+05:30,147.7,148.54,147.01,147.21,950324
2025-02-03 14:15:00+05:30,147.19,147.78,146.68,147.44,1524082
2025-02-03 15:15:00+05:30,147.44,148.2,147.2,147.91,695211
2025-02-04 09:15:00+05:30,147.75,150.77,147.25,149.8,2281451
2025-02-04 10:15:00+05:30,149.8,149.95,148.25,148.8,1042459
2025-02-04 11:15:00+05:30,148.8,149.39,148.76,149.08,854732
2025-02-04 12:15:00+05:30,149.08,151.7,149.0,151.0,1281236
2025-02-04 13:15:00+05:30,150.94,151.7,150.57,150.72,1157156
2025-02-04 14:15:00+05:30,150.7,151.66,150.01,151.09,4194490
2025-02-04 15:15:00+05:30,151.05,151.39,150.9,151.05,748293
2025-02-05 09:15:00+05:30,150.5,154.35,150.49,153.75,3536754
2025-02-05 10:15:00+05:30,153.73,156.3,153.73,155.19,2193175
2025-02-05 11:15:00+05:30,155.19,155.75,154.92,155.05,700872
2025-02-05 12:15:00+05:30,155.03,155.41,154.4,154.87,638899
2025-02-05 13:15:00+05:30,154.89,154.98,154.1,154.57,632878
2025-02-05 14:15:00+05:30,154.57,154.8,153.7,153.97,949333
2025-02-05 15:15:00+05:30,153.97,154.13,153.65,154.13,594009
2025-02-06 09:15:00+05:30,154.01,154.74,151.52,153.08,1970420
2025-02-06 10:15:00+05:30,153.02,153.48,152.03,152.53,798291
2025-02-06 11:15:00+05:30,152.53,152.53,151.51,151.55,786020
2025-02-06 12:15:00+05:30,151.55,151.9,151.01,151.89,742148
2025-02-06 13:15:00+05:30,151.84,151.95,150.8,151.4,1467517
2025-02-06 14:15:00+05:30,151.39,152.59,151.33,152.11,1281615
2025-02-06 15:15:00+05:30,152.15,152.85,151.92,152.64,595102
2025-02-07 09:15:00+05:30,153.05,154.39,152.26,153.51,1310664
2025-02-07 10:15:00+05:30,153.5,154.69,151.2,154.5,1529088
2025-02-07 11:15:00+05:30,154.5,154.99,151.9,151.93,995683
2025-02-07 12:15:00+05:30,152.02,153.55,151.91,152.96,480940
2025-02-07 13:15:00+05:30,152.96,153.61,151.76,151.97,482132
2025-02-07 14:15:00+05:30,151.97,152.64,151.62,152.45,562891
2025-02-07 15:15:00+05:30,152.51,152.7,152.1,152.32,371078
2025-02-10 09:15:00+05:30,152.2,152.65,149.82,149.95,948733
2025-02-10 10:15:00+05:30,149.95,150.78,149.69,150.3,340657
2025-02-10 11:15:00+05:30,150.3,150.4,148.77,148.98,421816
2025-02-10 12:15:00+05:30,148.94,149.5,148.77,148.87,346692
2025-02-10 13:15:00+05:30,148.87,149.41,148.53,148.6,327662
2025-02-10 14:15:00+05:30,148.57,149.25,148.15,148.93,644446
2025-02-10 15:15:00+05:30,148.96,149.09,148.59,148.8,277874
2025-02-11 09:15:00+05:30,148.52,148.89,145.75,145.85,994655
2025-02-11 10:15:00+05:30,145.8,146.09,145.08,145.35,579431
2025-02-11 11:15:00+05:30,145.35,145.49,144.8,145.08,397486
2025-02-11 12:15:00+05:30,145.07,145.44,143.82,144.0,496408
2025-02-11 13:15:00+05:30,144.0,145.09,143.94,144.55,612717
2025-02-11 14:15:00+05:30,144.55,144.85,143.53,144.51,773336
2025-02-11 15:15:00+05:30,144.5,144.69,144.0,144.2,461172
2025-02-12 09:15:00+05:30,143.0,144.27,138.36,139.58,2729565
2025-02-12 10:15:00+05:30,139.64,143.33,139.2,142.5,1578351
2025-02-12 11:15:00+05:30,142.5,143.5,141.71,143.09,907053
2025-02-12 12:15:00+05:30,143.09,144.5,142.68,143.77,859357
2025-02-12 13:15:00+05:30,143.77,144.0,141.98,142.43,1001070
2025-02-12 14:15:00+05:30,142.43,142.5,141.65,142.45,771077
2025-02-12 15:15:00+05:30,142.45,142.8,142.28,142.65,494107
2025-02-13 09:15:00+05:30,142.45,143.45,141.5,142.28,1399963
2025-02-13 10:15:00+05:30,142.28,142.51,141.39,142.35,635151
2025-02-13 11:15:00+05:30,142.32,143.32,141.76,142.38,715568
2025-02-13 12:15:00+05:30,142.38,143.28,141.85,141.93,428564
2025-02-13 13:15:00+05:30,141.85,142.12,140.5,140.66,784866
2025-02-13 14:15:00+05:30,140.62,141.14,139.89,140.27,821001
2025-02-13 15:15:00+05:30,140.27,140.49,140.02,140.4,560508
2025-02-14 09:15:00+05:30,141.4,141.95,139.11,139.52,1099551
2025-02-14 10:15:00+05:30,139.53,139.97,137.31,138.2,943307
2025-02-14 11:15:00+05:30,138.2,138.3,136.26,136.46,965570
2025-02-14 12:15:00+05:30,136.46,136.95,135.2,135.5,1074430
2025-02-14 13:15:00+05:30,135.44,136.2,134.26,134.5,1052973
2025-02-14 14:15:00+05:30,134.5,136.65,134.44,135.5,1694643
2025-02-14 15:15:00+05:30,135.5,135.5,135.0,135.15,490272
2025-02-17 09:15:00+05:30,134.15,135.62,131.91,132.79,2370083
2025-02-17 10:15:00+05:30,132.79,135.6,132.72,133.38,1081055
2025-02-17 11:15:00+05:30,133.34,133.86,132.06,132.22,978647
2025-02-17 12:15:00+05:30,132.23,132.92,131.13,132.17,1611956
2025-02-17 13:15:00+05:30,132.14,133.53,131.8,132.0,2005328
2025-02-17 14:15:00+05:30,131.97,133.27,131.92,132.94,2998324
2025-02-17 15:15:00+05:30,132.96,133.0,132.43,132.99,1118802
2025-02-18 09:15:00+05:30,132.17,133.39,129.01,129.17,2853227
2025-02-18 10:15:00+05:30,129.16,129.98,128.7,129.24,2100633
2025-02-18 11:15:00+05:30,129.2,130.13,128.9,129.68,843366
2025-02-18 12:15:00+05:30,129.68,129.95,128.16,128.57,1034839
2025-02-18 13:15:00+05:30,128.6,129.43,128.32,129.04,872020
2025-02-18 14:15:00+05:30,129.03,130.5,128.95,130.35,1559316
2025-02-18 15:15:00+05:30,130.36,130.5,130.0,130.0,668657
2025-02-19 09:15:00+05:30,129.65,133.65,128.76,132.69,2194333
2025-02-19 10:15:00+05:30,132.74,133.45,131.5,132.28,893815
2025-02-19 11:15:00+05:30,132.38,133.34,132.29,132.92,598475
2025-02-19 12:15:00+05:30,132.94,133.09,132.08,132.37,329824
2025-02-19 13:15:00+05:30,132.39,132.82,132.05,132.63,309997
2025-02-19 14:15:00+05:30,132.56,133.9,131.75,133.56,1047332
2025-02-19 15:15:00+05:30,133.56,133.56,133.2,133.5,460247
2025-02-20 09:15:00+05:30,132.53,134.66,132.26,134.33,1098958
2025-02-20 10:15:00+05:30,134.27,135.49,134.2,135.43,553949
2025-02-20 11:15:00+05:30,135.38,135.6,134.6,135.25,447334
2025-02-20 12:15:00+05:30,135.21,135.79,134.5,134.51,510122
2025-02-20 13:15:00+05:30,134.54,135.4,134.3,134.88,605632
2025-02-20 14:15:00+05:30,134.97,136.94,134.37,136.59,1472136
2025-02-20 15:15:00+05:30,136.49,137.16,136.1,136.33,867976
2025-02-21 09:15:00+05:30,137.35,143.0,137.3,139.31,8860328
2025-02-21 10:15:00+05:30,139.36,140.39,138.6,140.05,2151638
2025-02-21 11:15:00+05:30,139.99,141.4,139.6,140.45,1518579
2025-02-21 12:15:00+05:30,140.48,140.95,140.28,140.49,648794
2025-02-21 13:15:00+05:30,140.49,140.79,139.65,139.99,2911842
2025-02-21 14:15:00+05:30,139.93,140.3,138.71,139.7,1891521
2025-02-21 15:15:00+05:30,139.7,139.7,138.7,138.9,575071
2025-02-24 09:15:00+05:30,138.95,140.21,138.0,139.75,2347833
2025-02-24 10:15:00+05:30,139.79,141.09,139.57,140.53,1516027
2025-02-24 11:15:00+05:30,140.59,140.94,139.61,140.0,893231
2025-02-24 12:15:00+05:30,140.0,140.35,139.73,139.85,684389
2025-02-24 13:15:00+05:30,139.85,139.85,138.7,139.02,789451
2025-02-24 14:15:00+05:30,139.09,140.06,138.86,139.21,961551
2025-02-24 15:15:00+05:30,139.22,139.35,138.6,138.8,555607
2025-02-25 09:15:00+05:30,138.95,140.18,136.68,137.55,1862104
2025-02-25 10:15:00+05:30,137.5,137.69,136.81,136.97,763717
2025-02-25 11:15:00+05:30,136.98,137.15,136.1,136.3,721105
2025-02-25 12:15:00+05:30,136.31,136.6,135.83,136.48,910662
2025-02-25 13:15:00+05:30,136.46,136.84,136.24,136.39,666398
2025-02-25 14:15:00+05:30,136.39,136.41,135.5,135.58,1058250
2025-02-25 15:15:00+05:30,135.58,135.64,134.82,134.85,776594
2025-02-27 09:15:00+05:30,140.75,146.38,140.02,141.35,23041924
2025-02-27 10:15:00+05:30,141.35,142.68,140.06,140.15,5935324
2025-02-27 11:15:00+05:30,140.16,141.49,137.79,137.86,6809672
2025-02-27 12:15:00+05:30,137.86,138.48,137.31,137.44,3518821
2025-02-27 13:15:00+05:30,137.44,137.62,136.69,136.87,1759340
2025-02-27 14:15:00+05:30,136.87,137.6,136.73,137.07,2635585
2025-02-27 15:15:00+05:30,137.07,137.4,135.5,137.1,2671922
2025-02-28 09:15:00+05:30,135.56,137.59,134.06,136.68,3793930
2025-02-28 10:15:00+05:30,136.69,139.65,136.61,139.14,3279398
2025-02-28 11:15:00+05:30,139.13,140.09,138.91,139.1,2058571
2025-02-28 12:15:00+05:30,139.07,139.87,137.1,137.61,2126280
2025-02-28 13:15:00+05:30,137.61,139.14,137.52,138.7,1278340
2025-02-28 14:15:00+05:30,138.71,141.5,138.45,140.89,3734167
2025-02-28 15:15:00+05:30,140.86,141.83,140.8,141.7,1855895
2025-03-03 09:15:00+05:30,142.1,144.19,139.26,139.59,6371406
2025-03-03 10:15:00+05:30,139.68,141.22,138.9,139.4,3184914
2025-03-03 11:15:00+05:30,139.37,139.4,138.01,139.22,2064414
2025-03-03 12:15:00+05:30,139.2,141.2,138.83,141.2,1189239
2025-03-03 13:15:00+05:30,141.14,141.52,139.43,140.11,862788
2025-03-03 14:15:00+05:30,140.12,141.12,139.77,140.22,1036851
2025-03-03 15:15:00+05:30,140.23,140.65,139.72,140.65,831197
2025-03-04 09:15:00+05:30,139.29,142.7,138.17,141.74,2795735
2025-03-04 10:15:00+05:30,141.64,144.39,141.49,144.12,2679210
2025-03-04 11:15:00+05:30,144.12,145.23,143.75,144.32,1717158
2025-03-04 12:15:00+05:30,144.32,144.9,143.6,143.85,1373682
2025-03-04 13:15:00+05:30,143.8,145.45,143.34,145.44,1955592
2025-03-04 14:15:00+05:30,145.45,147.7,145.23,147.4,3925763
2025-03-04 15:15:00+05:30,147.44,147.9,147.03,147.31,2696180
2025-03-05 09:15:00+05:30,146.1,147.2,145.67,146.21,2276244
2025-03-05 10:15:00+05:30,146.22,146.99,145.59,146.7,1157814
2025-03-05 11:15:00+05:30,146.72,147.95,146.6,147.13,1131157
2025-03-05 12:15:00+05:30,147.13,148.15,146.97,147.91,750270
2025-03-05 13:15:00+05:30,147.91,148.0,146.48,147.26,781874
2025-03-05 14:15:00+05:30,147.24,147.79,147.05,147.6,1120922
2025-03-05 15:15:00+05:30,147.57,147.6,147.03,147.2,459494
2025-03-06 09:15:00+05:30,148.86,149.45,147.8,149.04,2182616
2025-03-06 10:15:00+05:30,149.02,150.4,148.56,150.35,1453936
2025-03-06 11:15:00+05:30,150.35,150.45,149.15,149.81,1317956
2025-03-06 12:15:00+05:30,149.8,149.95,148.89,149.81,1443593
2025-03-06 13:15:00+05:30,149.8,150.16,149.07,149.74,711259
2025-03-06 14:15:00+05:30,149.66,149.86,149.14,149.35,859851
2025-03-06 15:15:00+05:30,149.3,149.37,149.02,149.13,595149
2025-03-07 09:15:00+05:30,149.3,150.29,148.66,149.59,1919229
2025-03-07 10:15:00+05:30,149.61,150.9,148.85,150.82,2422598
2025-03-07 11:15:00+05:30,150.81,151.14,148.86,149.12,1080631
2025-03-07 12:15:00+05:30,149.09,149.99,148.83,149.11,1245446
2025-03-07 13:15:00+05:30,149.11,149.55,148.8,149.13,504334
2025-03-07 14:15:00+05:30,149.13,150.21,149.1,150.14,953053
2025-03-07 15:15:00+05:30,150.14,150.17,149.5,149.69,647829
2025-03-10 09:15:00+05:30,149.29,151.39,148.67,151.05,1602046
2025-03-10 10:15:00+05:30,151.0,152.24,150.86,151.63,1168180
2025-03-10 11:15:00+05:30,151.66,152.21,150.9,150.95,639084
2025-03-10 12:15:00+05:30,150.95,151.32,150.41,150.63,617189
2025-03-10 13:15:00+05:30,150.63,150.9,150.05,150.08,562597
2025-03-10 14:15:00+05:30,150.09,150.09,148.24,148.3,1110485
2025-03-10 15:15:00+05:30,148.26,148.33,146.91,147.5,509709
2025-03-11 09:15:00+05:30,144.9,145.19,138.27,139.72,7451482
2025-03-11 10:15:00+05:30,139.72,142.89,139.4,141.77,5476402
2025-03-11 11:15:00+05:30,141.77,142.5,139.54,139.99,2720482
2025-03-11 12:15:00+05:30,139.97,140.3,139.06,139.06,1292834
2025-03-11 13:15:00+05:30,139.09,141.35,138.87,140.74,2018969
2025-03-11 14:15:00+05:30,140.74,141.49,139.5,139.9,2523751
2025-03-11 15:15:00+05:30,139.95,140.64,139.86,140.63,1052676
2025-03-12 09:15:00+05:30,140.11,142.93,140.11,141.04,2091533
2025-03-12 10:15:00+05:30,140.96,141.79,140.05,140.28,648179
2025-03-12 11:15:00+05:30,140.2,140.31,139.1,139.98,716097
2025-03-12 12:15:00+05:30,139.97,140.47,139.14,140.47,547880
2025-03-12 13:15:00+05:30,140.47,141.47,140.22,140.83,670463
2025-03-12 14:15:00+05:30,140.8,142.0,140.8,141.65,840635
2025-03-12 15:15:00+05:30,141.65,141.74,141.2,141.36,310193
2025-03-13 09:15:00+05:30,141.98,142.38,140.74,141.81,1035781
2025-03-13 10:15:00+05:30,141.89,142.0,140.8,141.39,533415
2025-03-13 11:15:00+05:30,141.39,141.39,140.1,140.81,525484
2025-03-13 12:15:00+05:30,140.82,141.37,140.72,140.9,427192
2025-03-13 13:15:00+05:30,140.9,141.32,140.75,141.03,511327
2025-03-13 14:15:00+05:30,141.04,141.04,139.13,139.75,1629304
2025-03-13 15:15:00+05:30,139.79,139.87,139.26,139.65,438274
2025-03-17 09:15:00+05:30,140.7,143.48,140.7,140.8,2880526
2025-03-17 10:15:00+05:30,140.79,140.9,139.89,140.0,701269
2025-03-17 11:15:00+05:30,140.05,140.3,138.49,138.55,1053315
2025-03-17 12:15:00+05:30,138.62,138.62,137.61,138.21,695934
2025-03-17 13:15:00+05:30,138.21,139.09,138.21,138.94,593813
2025-03-17 14:15:00+05:30,138.91,139.02,138.01,138.25,753045
2025-03-17 15:15:00+05:30,138.3,138.77,138.1,138.23,645428
2025-03-18 09:15:00+05:30,139.2,140.4,139.0,140.14,912810
2025-03-18 10:15:00+05:30,140.14,140.22,139.21,139.62,465034
2025-03-18 11:15:00+05:30,139.6,140.22,139.07,140.01,676576
2025-03-18 12:15:00+05:30,140.01,140.22,138.76,139.83,589958
2025-03-18 13:15:00+05:30,139.8,140.48,139.51,140.45,647551
2025-03-18 14:15:00+05:30,140.45,140.79,139.8,140.5,1469486
2025-03-18 15:15:00+05:30,140.5,140.9,140.47,140.9,450528
2025-03-19 09:15:00+05:30,140.68,142.25,140.43,141.1,3039620
2025-03-19 10:15:00+05:30,141.13,141.69,141.02,141.13,1267045
2025-03-19 11:15:00+05:30,141.13,141.25,140.55,140.78,1091382
2025-03-19 12:15:00+05:30,140.76,141.57,140.74,140.96,1075280
2025-03-19 13:15:00+05:30,141.0,141.85,140.9,141.2,1245281
2025-03-19 14:15:00+05:30,141.23,141.77,141.2,141.24,1544711
2025-03-19 15:15:00+05:30,141.22,141.35,141.06,141.15,738681
2025-03-20 09:15:00+05:30,141.69,143.73,141.11,141.28,1728180
2025-03-20 10:15:00+05:30,141.28,142.05,141.28,141.88,571863
2025-03-20 11:15:00+05:30,141.88,142.42,141.6,142.3,854943
2025-03-20 12:15:00+05:30,142.29,142.5,141.85,142.08,481078
2025-03-20 13:15:00+05:30,142.08,142.25,141.7,141.86,357856
2025-03-20 14:15:00+05:30,141.93,142.14,141.59,141.65,654347
2025-03-20 15:15:00+05:30,141.65,141.68,141.25,141.44,525652
2025-03-21 09:15:00+05:30,141.52,143.1,141.0,142.81,1609845
2025-03-21 10:15:00+05:30,142.75,144.9,142.6,144.51,2206958
2025-03-21 11:15:00+05:30,144.55,144.6,143.69,143.82,625048
2025-03-21 12:15:00+05:30,143.82,144.0,143.5,143.51,436174
2025-03-21 13:15:00+05:30,143.59,144.18,142.75,143.93,741310
2025-03-21 14:15:00+05:30,143.93,145.28,143.91,145.09,1799937
2025-03-21 15:15:00+05:30,145.06,145.15,144.5,144.6,829592
2025-03-24 09:15:00+05:30,145.25,147.93,145.21,146.7,2350450
2025-03-24 10:15:00+05:30,146.69,147.1,146.15,146.3,586766
2025-03-24 11:15:00+05:30,146.34,147.5,145.81,147.25,841152
2025-03-24 12:15:00+05:30,147.17,148.24,147.07,147.7,866011
2025-03-24 13:15:00+05:30,147.7,147.87,147.3,147.61,634772
2025-03-24 14:15:00+05:30,147.69,147.93,147.25,147.3,1143259
2025-03-24 15:15:00+05:30,147.35,147.45,146.8,147.1,589123
2025-03-25 09:15:00+05:30,150.15,150.76,147.62,148.45,4471197
2025-03-25 10:15:00+05:30,148.49,149.33,147.81,148.05,1134925
2025-03-25 11:15:00+05:30,148.05,148.74,146.67,148.16,1267112
2025-03-25 12:15:00+05:30,148.16,148.8,147.83,148.5,835444
2025-03-25 13:15:00+05:30,148.5,148.9,147.8,148.83,776344
2025-03-25 14:15:00+05:30,148.83,149.45,147.7,147.82,1200810
2025-03-25 15:15:00+05:30,147.77,147.91,147.1,147.1,583445
2025-03-26 09:15:00+05:30,147.5,150.36,146.96,150.29,2215866
2025-03-26 10:15:00+05:30,150.29,151.67,150.18,150.66,2470387
2025-03-26 11:15:00+05:30,150.66,152.5,150.2,151.18,2184256
2025-03-26 12:15:00+05:30,151.12,151.79,149.79,149.96,1104899
2025-03-26 13:15:00+05:30,149.96,150.15,149.2,149.69,1478635
2025-03-26 14:15:00+05:30,149.67,150.03,148.51,148.79,1382709
2025-03-26 15:15:00+05:30,148.8,148.89,148.0,148.47,652436
2025-03-27 09:15:00+05:30,147.0,149.45,146.36,148.75,2323037
2025-03-27 10:15:00+05:30,148.7,149.09,148.44,148.72,520868
2025-03-27 11:15:00+05:30,148.8,148.85,147.26,147.42,652589
2025-03-27 12:15:00+05:30,147.5,147.6,146.9,147.3,491017
2025-03-27 13:15:00+05:30,147.22,147.74,147.16,147.4,508448
2025-03-27 14:15:00+05:30,147.34,148.45,147.05,148.16,1742022
2025-03-27 15:15:00+05:30,148.21,148.47,146.0,146.85,1256620
2025-03-28 09:15:00+05:30,148.25,151.44,148.25,149.41,2521646
2025-03-28 10:15:00+05:30,149.41,150.0,148.57,148.57,858889
2025-03-28 11:15:00+05:30,148.56,149.49,148.5,148.68,688621
2025-03-28 12:15:00+05:30,148.61,148.68,146.25,146.45,1026982
2025-03-28 13:15:00+05:30,146.41,146.85,145.34,145.64,860082
2025-03-28 14:15:00+05:30,145.7,147.19,145.57,146.32,2064934
2025-03-28 15:15:00+05:30,146.32,146.35,145.9,145.9,1106750
2025-04-01 09:15:00+05:30,146.06,150.67,144.6,149.65,1724957
2025-04-01 10:15:00+05:30,149.65,150.35,148.61,149.0,777311
2025-04-01 11:15:00+05:30,149.0,149.5,147.81,148.91,563776
2025-04-01 12:15:00+05:30,148.9,149.45,148.63,148.9,808708
2025-04-01 13:15:00+05:30,148.99,149.9,148.9,149.46,771845
2025-04-01 14:15:00+05:30,149.55,150.15,149.0,149.42,914434
2025-04-01 15:15:00+05:30,149.38,149.6,149.21,149.55,309627
2025-04-02 09:15:00+05:30,149.26,149.48,146.95,148.63,1085813
2025-04-02 10:15:00+05:30,148.68,151.26,148.46,150.95,1003503
2025-04-02 11:15:00+05:30,150.95,151.89,150.9,151.34,929070
2025-04-02 12:15:00+05:30,151.42,151.47,150.51,150.99,415159
2025-04-02 13:15:00+05:30,150.99,151.5,150.75,150.85,437705
2025-04-02 14:15:00+05:30,150.9,151.75,150.77,151.51,719882
2025-04-02 15:15:00+05:30,151.52,151.72,151.41,151.64,306414
2025-04-03 09:15:00+05:30,149.96,153.15,149.71,152.5,1442840
2025-04-03 10:15:00+05:30,152.48,153.98,152.25,153.23,1183855
2025-04-03 11:15:00+05:30,153.23,154.07,152.61,153.78,652218
2025-04-03 12:15:00+05:30,153.8,153.97,153.14,153.35,354984
2025-04-03 13:15:00+05:30,153.35,157.6,153.35,156.7,2864698
2025-04-03 14:15:00+05:30,156.7,157.51,155.67,156.71,1898891
2025-04-03 15:15:00+05:30,156.75,156.81,156.38,156.65,535754
2025-04-04 09:15:00+05:30,157.5,157.89,152.06,152.54,4351923
2025-04-04 10:15:00+05:30,152.64,154.9,152.11,154.66,1242524
2025-04-04 11:15:00+05:30,154.59,154.84,152.87,153.33,718347
2025-04-04 12:15:00+05:30,153.3,153.93,152.71,152.84,678908
2025-04-04 13:15:00+05:30,152.78,153.16,151.56,152.25,1432966
2025-04-04 14:15:00+05:30,152.25,153.56,151.51,153.0,1456786
2025-04-04 15:15:00+05:30,153.0,153.6,152.85,153.5,650495
2025-04-07 09:15:00+05:30,145.02,146.88,141.9,142.09,3233126
2025-04-07 10:15:00+05:30,142.04,145.0,141.5,144.16,1117202
2025-04-07 11:15:00+05:30,144.07,144.61,142.67,142.82,690293
2025-04-07 12:15:00+05:30,142.82,144.17,142.55,143.29,555114
2025-04-07 13:15:00+05:30,143.35,144.9,142.84,144.06,859633
2025-04-07 14:15:00+05:30,144.08,145.2,143.35,144.94,1090739
2025-04-07 15:15:00+05:30,144.88,145.99,144.55,145.54,391510
2025-04-08 09:15:00+05:30,148.0,150.2,148.0,148.26,1373020
2025-04-08 10:15:00+05:30,148.26,150.7,148.0,149.74,758005
2025-04-08 11:15:00+05:30,149.74,149.95,148.52,149.8,625143
2025-04-08 12:15:00+05:30,149.84,150.45,149.41,150.43,525420
2025-04-08 13:15:00+05:30,150.43,150.66,149.2,150.52,500537
2025-04-08 14:15:00+05:30,150.57,150.99,149.6,149.87,846845
2025-04-08 15:15:00+05:30,149.87,150.5,149.85,150.4,343001
2025-04-09 09:15:00+05:30,153.0,153.0,146.29,146.5,2711116
2025-04-09 10:15:00+05:30,146.42,146.88,143.28,143.59,2170272
2025-04-09 11:15:00+05:30,143.59,145.5,143.35,145.45,1072030
2025-04-09 12:15:00+05:30,145.45,146.95,145.24,146.94,813935
2025-04-09 13:15:00+05:30,146.94,147.1,146.1,146.3,430482
2025-04-09 14:15:00+05:30,146.3,147.23,146.15,146.8,730563
2025-04-09 15:15:00+05:30,146.8,147.11,146.5,146.8,498915
2025-04-11 09:15:00+05:30,149.99,150.6,148.28,149.03,875301
2025-04-11 10:15:00+05:30,148.92,149.94,148.01,149.57,394310
2025-04-11 11:15:00+05:30,149.64,150.14,149.53,149.9,266733
2025-04-11 12:15:00+05:30,149.9,150.15,148.69,149.26,433482
2025-04-11 13:15:00+05:30,149.26,150.1,148.67,149.51,1017720
2025-04-11 14:15:00+05:30,149.45,150.3,149.22,149.71,756595
2025-04-11 15:15:00+05:30,149.71,149.75,149.48,149.6,400595
2025-04-15 09:15:00+05:30,151.94,152.42,150.55,152.18,1087510
2025-04-15 10:15:00+05:30,152.17,153.64,151.93,153.25,692389
2025-04-15 11:15:00+05:30,153.26,153.87,152.98,153.18,443219
2025-04-15 12:15:00+05:30,153.17,154.3,153.12,154.15,480559
2025-04-15 13:15:00+05:30,154.2,154.39,153.79,154.36,317817
2025-04-15 14:15:00+05:30,154.39,154.54,153.81,153.89,698452
2025-04-15 15:15:00+05:30,153.88,154.48,153.83,154.01,540225
2025-04-16 09:15:00+05:30,154.57,157.4,154.07,157.05,5282938
2025-04-16 10:15:00+05:30,157.05,158.45,156.66,157.8,2298185
2025-04-16 11:15:00+05:30,157.8,158.45,157.4,157.81,1044168
2025-04-16 12:15:00+05:30,157.81,158.38,157.66,158.03,975625
2025-04-16 13:15:00+05:30,158.07,159.29,156.75,158.42,1767045
2025-04-16 14:15:00+05:30,158.41,158.9,158.05,158.32,1398039
2025-04-16 15:15:00+05:30,158.32,158.79,158.14,158.34,779476
2025-04-17 09:15:00+05:30,158.4,159.49,157.51,157.81,1419025
2025-04-17 10:15:00+05:30,157.81,159.14,157.8,158.73,749175
2025-04-17 11:15:00+05:30,158.73,159.1,157.83,158.88,976907
2025-04-17 12:15:00+05:30,158.81,159.2,157.92,158.98,909890
2025-04-17 13:15:00+05:30,159.05,159.39,158.5,158.71,732413
2025-04-17 14:15:00+05:30,158.64,159.95,158.53,158.78,1302594
2025-04-17 15:15:00+05:30,158.8,158.94,158.63,158.79,603104
2025-04-21 09:15:00+05:30,159.35,165.19,159.09,164.8,4179651
2025-04-21 10:15:00+05:30,164.73,166.11,164.48,165.4,3149130
2025-04-21 11:15:00+05:30,165.32,165.91,164.96,165.12,2123546
2025-04-21 12:15:00+05:30,165.12,167.2,165.03,167.02,2696867
2025-04-21 13:15:00+05:30,167.02,167.65,166.28,167.41,2043732
2025-04-21 14:15:00+05:30,167.48,168.23,167.12,167.91,3733986
2025-04-21 15:15:00+05:30,167.92,168.68,167.2,167.5,1609058
2025-04-22 09:15:00+05:30,167.9,170.1,165.75,168.85,3980143
2025-04-22 10:15:00+05:30,168.85,169.78,168.61,169.33,1529245
2025-04-22 11:15:00+05:30,169.33,169.85,168.71,169.44,1028243
2025-04-22 12:15:00+05:30,169.54,170.88,169.07,170.61,1606051
2025-04-22 13:15:00+05:30,170.61,171.5,170.02,170.02,1575101
2025-04-22 14:15:00+05:30,170.06,170.42,168.37,168.67,1890215
2025-04-22 15:15:00+05:30,168.62,168.75,168.1,168.3,631332
2025-04-23 09:15:00+05:30,169.09,169.8,167.38,167.38,2070320
2025-04-23 10:15:00+05:30,167.38,168.94,166.25,168.24,2261581
2025-04-23 11:15:00+05:30,168.24,169.8,168.15,169.34,1005360
2025-04-23 12:15:00+05:30,169.35,170.37,168.98,170.22,1035722
2025-04-23 13:15:00+05:30,170.24,171.7,170.07,170.61,1978336
2025-04-23 14:15:00+05:30,170.65,171.0,170.3,170.75,1725358
2025-04-23 15:15:00+05:30,170.76,171.05,169.76,170.1,1046335
2025-04-24 09:15:00+05:30,169.75,171.0,169.05,170.32,1416710
2025-04-24 10:15:00+05:30,170.35,171.29,169.25,171.11,888471
2025-04-24 11:15:00+05:30,171.11,172.1,170.32,171.53,1162589
2025-04-24 12:15:00+05:30,171.53,171.8,170.89,171.21,746138
2025-04-24 13:15:00+05:30,171.21,171.74,170.62,170.68,650710
2025-04-24 14:15:00+05:30,170.68,171.69,170.47,171.0,1114613
2025-04-24 15:15:00+05:30,170.99,171.1,170.1,170.3,456472
2025-04-25 09:15:00+05:30,170.73,171.76,166.01,167.42,2899779
2025-04-25 10:15:00+05:30,167.41,167.48,165.8,167.11,1405505
2025-04-25 11:15:00+05:30,167.21,167.75,166.2,167.46,576034
2025-04-25 12:15:00+05:30,167.56,167.69,167.0,167.45,229339
2025-04-25 13:15:00+05:30,167.45,168.28,166.0,166.88,879985
2025-04-25 14:15:00+05:30,166.85,167.27,165.64,165.84,964604
2025-04-25 15:15:00+05:30,165.84,165.9,163.52,165.5,882653
2025-04-28 09:15:00+05:30,164.86,166.86,163.12,163.85,2098234
2025-04-28 10:15:00+05:30,163.75,164.4,162.5,162.83,1916766
2025-04-28 11:15:00+05:30,162.83,164.78,161.76,163.72,1631920
2025-04-28 12:15:00+05:30,163.68,164.93,163.16,163.98,1408767
2025-04-28 13:15:00+05:30,163.98,164.16,162.12,163.3,1493216
2025-04-28 14:15:00+05:30,163.3,164.39,163.0,164.29,1146951
2025-04-28 15:15:00+05:30,164.3,164.5,164.0,164.1,640024
2025-04-29 09:15:00+05:30,165.7,171.84,165.58,168.3,6654479
2025-04-29 10:15:00+05:30,168.37,170.19,167.0,169.92,2842138
2025-04-29 11:15:00+05:30,169.92,170.2,167.35,168.38,1351610
2025-04-29 12:15:00+05:30,168.29,168.75,167.02,167.93,1731680
2025-04-29 13:15:00+05:30,167.93,168.6,167.66,168.11,767862
2025-04-29 14:15:00+05:30,168.16,168.69,167.52,167.74,1538805
2025-04-29 15:15:00+05:30,167.73,168.45,167.71,168.18,848327
2025-04-30 09:15:00+05:30,167.44,167.84,164.82,165.87,2592450
2025-04-30 10:15:00+05:30,165.88,166.58,163.75,164.64,1396129
2025-04-30 11:15:00+05:30,164.6,164.99,163.53,163.94,657930
2025-04-30 12:15:00+05:30,163.99,165.91,163.76,165.39,961938
2025-04-30 13:15:00+05:30,165.39,166.66,164.5,165.32,766826
2025-04-30 14:15:00+05:30,165.35,166.3,164.79,165.87,1542868
2025-04-30 15:15:00+05:30,165.88,166.1,164.5,165.0,931173
2025-05-02 09:15:00+05:30,168.61,173.43,163.8,165.04,12726520
2025-05-02 10:15:00+05:30,165.1,165.32,162.75,163.18,2659143
2025-05-02 11:15:00+05:30,163.18,163.39,161.31,161.7,2441887
2025-05-02 12:15:00+05:30,161.61,162.2,161.15,161.9,1577967
2025-05-02 13:15:00+05:30,161.9,162.65,161.4,161.99,1809313
2025-05-02 14:15:00+05:30,162.0,162.25,161.5,161.65,1840976
2025-05-02 15:15:00+05:30,161.7,162.4,161.24,162.04,2248914
2025-05-05 09:15:00+05:30,162.01,165.8,161.31,165.17,3325989
2025-05-05 10:15:00+05:30,165.24,165.88,164.77,165.51,1510234
2025-05-05 11:15:00+05:30,165.56,165.9,164.81,165.65,808653
2025-05-05 12:15:00+05:30,165.65,165.65,164.35,164.5,779688
2025-05-05 13:15:00+05:30,164.5,165.14,164.35,164.71,374770
2025-05-05 14:15:00+05:30,164.66,164.99,164.0,164.44,576320
2025-05-05 15:15:00+05:30,164.44,164.57,164.26,164.35,601640
2025-05-06 09:15:00+05:30,164.15,166.0,161.3,161.55,2074470
2025-05-06 10:15:00+05:30,161.55,161.62,160.2,160.31,1115177
2025-05-06 11:15:00+05:30,160.31,160.31,159.15,159.84,1097266
2025-05-06 12:15:00+05:30,159.84,159.84,158.4,158.75,942492
2025-05-06 13:15:00+05:30,158.79,158.88,157.87,158.04,679338
2025-05-06 14:15:00+05:30,158.02,158.02,157.05,157.31,1683442
2025-05-06 15:15:00+05:30,157.43,157.49,157.2,157.28,640270
2025-05-07 09:15:00+05:30,155.2,159.5,155.01,156.07,2605647
2025-05-07 10:15:00+05:30,156.01,158.71,155.72,158.6,992989
2025-05-07 11:15:00+05:30,158.62,159.89,158.62,159.46,933389
2025-05-07 12:15:00+05:30,159.46,159.74,157.95,158.21,337022
2025-05-07 13:15:00+05:30,158.2,159.45,157.92,158.99,518431
2025-05-07 14:15:00+05:30,158.93,159.44,158.27,159.43,592249
2025-05-07 15:15:00+05:30,159.44,159.97,159.0,159.66,454096
2025-05-08 09:15:00+05:30,159.74,162.34,159.6,161.9,1235900
2025-05-08 10:15:00+05:30,161.85,162.83,161.01,161.45,641359
2025-05-08 11:15:00+05:30,161.38,161.45,160.72,160.86,246631
2025-05-08 12:15:00+05:30,160.85,161.77,160.1,160.44,323979
2025-05-08 13:15:00+05:30,160.44,160.84,158.39,158.55,588711
2025-05-08 14:15:00+05:30,158.43,159.39,157.3,157.52,896065
2025-05-08 15:15:00+05:30,157.5,157.64,156.05,156.26,542200
2025-05-09 09:15:00+05:30,153.99,157.0,153.43,156.93,1619446
2025-05-09 10:15:00+05:30,156.99,157.15,154.82,156.1,1996107
2025-05-09 11:15:00+05:30,156.09,157.39,155.67,157.27,451863
2025-05-09 12:15:00+05:30,157.25,157.95,156.12,156.4,851315
2025-05-09 13:15:00+05:30,156.39,156.6,155.67,156.14,1764672
2025-05-09 14:15:00+05:30,156.15,156.53,155.25,156.2,2377910
2025-05-09 15:15:00+05:30,156.2,157.19,156.0,157.19,1785951
2025-05-12 09:15:00+05:30,162.25,165.74,162.2,163.35,3647935
2025-05-12 10:15:00+05:30,163.35,164.24,163.19,163.48,973809
2025-05-12 11:15:00+05:30,163.48,163.79,161.7,162.01,589769
2025-05-12 12:15:00+05:30,162.05,162.79,161.8,162.01,284210
2025-05-12 13:15:00+05:30,162.01,163.35,161.91,163.28,394594
2025-05-12 14:15:00+05:30,163.28,163.78,163.06,163.41,580835
2025-05-12 15:15:00+05:30,163.41,163.9,163.01,163.15,1296702
2025-05-13 09:15:00+05:30,164.11,165.68,163.0,165.1,1438633
2025-05-13 10:15:00+05:30,165.09,165.15,163.77,164.04,434167
2025-05-13 11:15:00+05:30,164.04,164.52,163.86,164.1,394783
2025-05-13 12:15:00+05:30,164.1,164.18,162.84,163.14,377155
2025-05-13 13:15:00+05:30,163.15,163.22,162.05,162.2,399848
2025-05-13 14:15:00+05:30,162.2,162.64,162.02,162.39,564501
2025-05-13 15:15:00+05:30,162.4,162.7,162.23,162.7,307162
2025-05-14 09:15:00+05:30,163.25,165.5,161.75,164.92,2637556
2025-05-14 10:15:00+05:30,164.92,165.5,164.45,165.28,1156765
2025-05-14 11:15:00+05:30,165.38,166.2,165.0,165.67,1371473
2025-05-14 12:15:00+05:30,165.61,167.8,165.49,167.68,2622607
2025-05-14 13:15:00+05:30,167.59,167.75,166.88,167.09,986427
2025-05-14 14:15:00+05:30,167.04,167.34,166.78,167.09,1061096
2025-05-14 15:15:00+05:30,167.07,167.2,166.5,167.0,579784
2025-05-15 09:15:00+05:30,168.2,168.59,166.53,168.33,2404821
2025-05-15 10:15:00+05:30,168.33,168.73,166.62,166.8,849250
2025-05-15 11:15:00+05:30,166.91,167.93,166.76,167.27,603055
2025-05-15 12:15:00+05:30,167.39,168.3,166.9,168.23,1216867
2025-05-15 13:15:00+05:30,168.22,168.5,166.93,168.33,875569
2025-05-15 14:15:00+05:30,168.42,169.3,168.02,169.0,1333662
2025-05-15 15:15:00+05:30,169.0,169.25,168.5,168.9,458510
2025-05-16 09:15:00+05:30,168.89,170.89,168.25,169.26,1415697
2025-05-16 10:15:00+05:30,169.11,169.54,168.4,168.73,482346
2025-05-16 11:15:00+05:30,168.73,169.5,168.53,169.04,327783
2025-05-16 12:15:00+05:30,169.04,169.2,168.5,168.91,232544
2025-05-16 13:15:00+05:30,168.91,169.68,168.5,169.33,376648
2025-05-16 14:15:00+05:30,169.33,170.59,169.2,170.1,965288
2025-05-16 15:15:00+05:30,170.1,170.24,169.31,169.5,277201
2025-05-19 09:15:00+05:30,170.09,171.89,169.34,171.03,1106790
2025-05-19 10:15:00+05:30,171.05,171.5,170.52,170.68,444779
2025-05-19 11:15:00+05:30,170.74,171.28,170.56,170.62,422667
2025-05-19 12:15:00+05:30,170.61,173.2,170.33,171.9,2121833
2025-05-19 13:15:00+05:30,171.9,172.09,170.5,170.73,648866
2025-05-19 14:15:00+05:30,170.78,171.15,170.37,170.66,622079
2025-05-19 15:15:00+05:30,170.68,170.75,170.1,170.66,424660
2025-05-20 09:15:00+05:30,171.05,171.58,168.4,169.14,932056
2025-05-20 10:15:00+05:30,169.2,169.24,167.85,168.5,1049553
2025-05-20 11:15:00+05:30,168.5,168.6,167.67,168.39,503538
2025-05-20 12:15:00+05:30,168.45,168.6,167.32,167.6,346135
2025-05-20 13:15:00+05:30,167.56,167.79,166.25,166.4,566538
2025-05-20 14:15:00+05:30,166.4,166.4,164.31,164.86,2007030
2025-05-20 15:15:00+05:30,164.89,165.5,164.87,165.44,446418
2025-05-21 09:15:00+05:30,165.72,167.05,163.3,167.04,2505451
2025-05-21 10:15:00+05:30,167.01,168.1,166.67,167.84,908808
2025-05-21 11:15:00+05:30,167.84,167.9,166.16,166.22,767753
2025-05-21 12:15:00+05:30,166.29,166.9,165.72,166.89,862277
2025-05-21 13:15:00+05:30,166.72,168.45,166.72,167.86,1070190
2025-05-21 14:15:00+05:30,167.9,168.6,167.67,168.17,1457075
2025-05-21 15:15:00+05:30,168.18,168.3,167.5,167.77,671195
2025-05-22 09:15:00+05:30,167.2,167.99,166.16,166.73,1628124
2025-05-22 10:15:00+05:30,166.8,167.01,165.0,165.08,936298
2025-05-22 11:15:00+05:30,165.0,165.41,164.7,165.13,708049
2025-05-22 12:15:00+05:30,165.17,165.45,164.9,165.34,357079
2025-05-22 13:15:00+05:30,165.35,165.42,164.56,164.9,263735
2025-05-22 14:15:00+05:30,164.82,166.49,164.35,165.92,2451190
2025-05-22 15:15:00+05:30,165.96,166.0,165.05,165.47,820279
2025-05-23 09:15:00+05:30,166.45,166.45,164.7,165.1,616259
2025-05-23 10:15:00+05:30,165.1,165.46,164.43,165.08,386587
2025-05-23 11:15:00+05:30,165.08,166.14,164.69,165.81,416334
2025-05-23 12:15:00+05:30,165.81,165.85,165.21,165.35,509337
2025-05-23 13:15:00+05:30,165.43,165.63,165.06,165.32,499052
2025-05-23 14:15:00+05:30,165.32,165.99,165.28,165.69,442933
2025-05-23 15:15:00+05:30,165.69,165.7,165.1,165.25,360357
2025-05-26 09:15:00+05:30,165.65,166.68,165.2,165.79,726454
2025-05-26 10:15:00+05:30,165.92,166.03,164.4,164.86,480900
2025-05-26 11:15:00+05:30,164.86,165.07,164.42,164.71,203945
2025-05-26 12:15:00+05:30,164.69,164.92,164.51,164.63,181292
2025-05-26 13:15:00+05:30,164.7,165.47,164.45,165.39,892877
2025-05-26 14:15:00+05:30,165.39,165.94,165.06,165.65,358944
2025-05-26 15:15:00+05:30,165.64,165.8,165.38,165.46,276504
2025-05-27 09:15:00+05:30,166.11,169.06,166.1,167.58,3372380
2025-05-27 10:15:00+05:30,167.62,168.66,167.53,168.29,1106779
2025-05-27 11:15:00+05:30,168.29,170.69,168.27,170.01,2395533
2025-05-27 12:15:00+05:30,170.02,170.75,169.75,170.22,1131176
2025-05-27 13:15:00+05:30,170.14,170.25,169.2,169.32,860779
2025-05-27 14:15:00+05:30,169.32,169.5,168.78,169.13,1054285
2025-05-27 15:15:00+05:30,169.11,169.32,168.54,169.09,657246
2025-05-28 09:15:00+05:30,169.0,170.17,168.85,169.6,953022
2025-05-28 10:15:00+05:30,169.68,171.2,168.91,170.4,1804300
2025-05-28 11:15:00+05:30,170.4,170.56,168.83,169.04,552874
2025-05-28 12:15:00+05:30,169.08,170.13,168.75,169.78,554303
2025-05-28 13:15:00+05:30,169.79,170.1,168.91,169.06,276775
2025-05-28 14:15:00+05:30,169.06,169.89,169.03,169.68,305392
2025-05-28 15:15:00+05:30,169.68,169.7,168.58,168.73,289937
2025-05-29 09:15:00+05:30,170.01,171.43,168.58,169.52,1437810
2025-05-29 10:15:00+05:30,169.51,169.98,168.98,169.25,225630
2025-05-29 11:15:00+05:30,169.2,169.77,169.19,169.5,193031
2025-05-29 12:15:00+05:30,169.44,171.1,169.08,170.22,622861
2025-05-29 13:15:00+05:30,170.17,170.24,169.55,169.76,408907
2025-05-29 14:15:00+05:30,169.78,171.39,169.76,170.82,1454316
2025-05-29 15:15:00+05:30,170.85,171.9,170.63,171.4,637308
2025-05-30 09:15:00+05:30,170.9,171.92,168.7,168.76,930987
2025-05-30 10:15:00+05:30,168.76,168.78,167.76,168.05,527089
2025-05-30 11:15:00+05:30,168.06,168.59,167.1,167.4,494832
2025-05-30 12:15:00+05:30,167.41,168.67,167.35,168.38,329998
2025-05-30 13:15:00+05:30,168.38,170.91,168.38,169.8,1048566
2025-05-30 14:15:00+05:30,169.8,170.75,169.71,170.21,1670215
2025-05-30 15:15:00+05:30,170.12,170.45,169.65,170.0,988938
2025-06-02 09:15:00+05:30,170.59,175.21,169.53,174.84,4052870
2025-06-02 10:15:00+05:30,174.9,174.94,173.0,173.49,1325295
2025-06-02 11:15:00+05:30,173.48,173.5,172.46,172.97,653182
2025-06-02 12:15:00+05:30,172.98,173.1,172.32,173.0,593785
2025-06-02 13:15:00+05:30,173.05,173.6,172.56,172.8,490582
2025-06-02 14:15:00+05:30,172.82,173.0,171.9,172.71,888295
2025-06-02 15:15:00+05:30,172.7,172.96,172.31,172.39,571178
2025-06-03 09:15:00+05:30,173.75,173.95,171.19,172.71,1263886
2025-06-03 10:15:00+05:30,172.65,172.83,171.45,171.53,421835
2025-06-03 11:15:00+05:30,171.53,171.61,170.75,171.05,444482
2025-06-03 12:15:00+05:30,171.06,171.23,170.21,170.58,391263
2025-06-03 13:15:00+05:30,170.58,171.0,170.01,170.4,303318
2025-06-03 14:15:00+05:30,170.4,170.8,169.86,170.14,480785
2025-06-03 15:15:00+05:30,170.1,170.2,169.5,169.5,340905
2025-06-04 09:15:00+05:30,169.9,169.95,166.31,167.5,1877219
2025-06-04 10:15:00+05:30,167.5,169.62,167.25,169.25,975641
2025-06-04 11:15:00+05:30,169.3,169.37,168.21,168.82,557271
2025-06-04 12:15:00+05:30,168.87,169.2,168.53,168.98,304014
2025-06-04 13:15:00+05:30,169.03,169.05,168.32,168.81,378816
2025-06-04 14:15:00+05:30,168.8,169.39,168.8,169.0,452609
2025-06-04 15:15:00+05:30,168.99,169.23,168.8,169.0,302557
2025-06-05 09:15:00+05:30,169.6,170.65,168.31,168.52,1166851
2025-06-05 10:15:00+05:30,168.45,168.65,167.15,167.71,1088017
2025-06-05 11:15:00+05:30,167.71,168.2,167.6,167.6,760767
2025-06-05 12:15:00+05:30,167.68,167.8,166.91,167.2,1012379
2025-06-05 13:15:00+05:30,167.26,167.39,166.55,166.94,725450
2025-06-05 14:15:00+05:30,166.93,167.14,166.52,166.66,1040134
2025-06-05 15:15:00+05:30,166.69,167.2,166.66,167.19,613708
2025-06-06 09:15:00+05:30,167.19,168.17,166.41,167.16,1259715
2025-06-06 10:15:00+05:30,167.24,171.26,166.45,170.8,4087966
2025-06-06 11:15:00+05:30,170.8,172.4,170.52,172.19,1644446
2025-06-06 12:15:00+05:30,172.16,173.79,171.6,173.04,3058530
2025-06-06 13:15:00+05:30,173.03,173.45,172.62,173.39,1605880
2025-06-06 14:15:00+05:30,173.39,173.47,172.76,173.35,1802550
2025-06-06 15:15:00+05:30,173.32,174.23,173.2,173.43,2362226
